{
  "_links": {
    "view": {
      "href": "public/progress-bar.html"
    }
  },
  "_data": {
    "profileStagesBean": [
      {
        "stepName": "Begin",
        "stepCode": "landing"
      },
      {
        "stepName": "Email Address",
        "stepCode": "email"
      },
      {
        "stepName": "Verify",
        "stepCode": "emailSent"
      }
    ],
    "referer": "ForgottenPassword",
    "profileStages": {
      "landing": {
        "code": "BEGIN",
        "date": 20180816,
        "displaySequence": 1,
        "isScreen": false,
        "name": "Begin",
        "percentage": 10
      },
      "emailSent": {
        "code": "VRIFY",
        "date": "",
        "displaySequence": 1,
        "isScreen": false,
        "name": "Verify",
        "percentage": 80
      },
      "email": {
        "code": "EMADR",
        "date": 20180816,
        "displaySequence": 1,
        "isScreen": false,
        "name": "Email Address",
        "percentage": 10
      }
    },
    "forwardOnly": true
  }
}